f,f,f,f,f,f,f,f,f,f,f,f,f,f,f,f,f,f,f,f,f,f,f,f,f,f,w,w,w,w,w,w,w,w,w,w,mt,mt,mt,mt,mt,mt,mt,mt,mt,mt,mt,mt,mt,mt,mt,mt,mt,mt,mt,mt,mt,mt,mt,mt,mt,w,w,w,g,g,g,e,e,e,e,e,e,e,e,mt,mt,mt,mt,mt,mt,mt,mt,mt,mt,mt,mt,mt,g,g,g,g,g,g,g,g,g,g,g,g
f,f,f,f,f,f,f,f,f,f,f,f,f,f,f,f,f,f,f,f,f,f,f,f,f,f,f,f,w,w,w,w,w,w,w,w,w,w,mt,mt,mt,mt,mt,mt,mt,mt,mt,mt,mt,mt,mt,mt,mt,mt,mt,mt,mt,mt,mt,mt,mt,w,w,w,g,g,g,e,e,e,e,e,e,e,e,mt,mt,mt,mt,mt,mt,mt,mt,mt,mt,g,g,g,g,g,g,g,g,g,g,g,g,g,g,g
f,f,f,f,f,f,f,f,f,f,f,f,f,f,f,f,f,f,f,f,f,f,f,f,f,f,f,f,f,w,w,w,w,w,w,w,w,mt,mt,mt,mt,mt,mt,mt,mt,mt,mt,mt,mt,mt,mt,mt,mt,mt,mt,mt,mt,mt,mt,mt,mt,w,w,w,g,g,g,e,e,e,e,e,e,e,e,mt,mt,mt,mt,mt,mt,mt,mt,mt,g,g,g,g,g,g,g,g,g,g,g,g,g,g,g,g
f,f,f,f,f,f,f,f,f,f,f,f,f,f,f,f,f,f,f,f,f,f,f,f,f,f,f,f,f,f,w,w,w,w,w,w,w,w,mt,mt,mt,mt,mt,mt,mt,mt,mt,mt,mt,mt,mt,mt,mt,mt,mt,mt,mt,mt,mt,mt,mt,w,w,g,g,g,g,e,e,e,e,e,e,e,e,mt,mt,mt,mt,mt,mt,mt,g,g,g,g,g,g,g,g,g,g,g,g,g,g,g,g,g,g
f,f,f,f,f,f,f,f,f,f,f,f,f,f,f,f,f,f,f,f,f,f,f,f,f,f,f,f,f,f,f,w,w,w,w,w,w,w,mt,mt,mt,mt,mt,mt,mt,mt,mt,mt,mt,mt,mt,mt,mt,mt,mt,mt,mt,w,mt,w,w,w,w,g,g,g,g,e,e,e,e,e,e,e,e,mt,mt,mt,g,g,g,g,g,g,g,g,g,g,g,g,g,g,g,g,g,g,g,g,g,g
f,f,f,f,f,f,f,f,f,f,f,f,f,f,f,f,f,f,f,f,f,f,f,f,f,f,f,f,f,f,f,w,w,w,w,w,w,w,mt,mt,mt,mt,mt,mt,mt,h,h,h,h,h,h,h,h,h,h,h,h,w,mt,w,w,w,w,g,g,g,g,g,g,g,g,g,g,g,g,g,g,g,g,g,g,g,g,g,g,g,g,g,g,g,g,g,g,g,g,g,g,g,g,g
f,f,f,f,f,f,f,f,f,f,f,f,f,f,f,f,f,f,f,f,f,f,f,f,f,f,f,f,f,f,f,f,w,w,w,w,w,w,h,h,h,h,h,h,h,h,h,h,h,h,h,h,h,h,h,h,h,w,w,w,w,w,g,g,g,g,g,g,g,g,g,g,g,g,g,g,g,g,g,g,g,g,g,g,g,g,g,g,g,g,g,g,g,g,g,g,g,g,g,g
f,f,f,f,f,f,f,f,f,f,f,f,f,f,f,f,f,f,f,f,f,f,f,f,f,f,f,f,f,f,f,f,w,w,w,w,w,w,h,h,h,h,h,h,h,h,h,h,h,h,h,h,h,h,h,h,h,w,w,w,w,w,g,g,g,g,g,g,g,g,g,g,g,g,g,g,g,g,g,g,g,g,g,g,g,g,g,g,g,g,g,g,g,g,g,g,g,g,g,g
f,f,f,f,f,f,f,f,f,f,f,f,f,f,f,f,f,f,f,f,f,f,f,f,f,f,f,f,f,f,f,f,w,w,w,w,w,w,w,w,h,h,h,h,h,h,h,h,h,h,h,h,h,h,h,h,h,w,w,w,w,g,g,g,g,g,g,g,g,g,g,g,g,g,g,g,g,g,g,g,g,g,g,g,g,g,g,g,g,g,g,g,g,g,g,g,g,g,g,g
f,f,f,f,f,f,f,f,f,f,f,f,f,f,f,f,f,f,f,f,f,f,f,f,f,f,f,f,f,f,f,f,f,w,w,w,w,w,w,w,h,h,h,h,h,h,h,h,h,h,h,h,h,h,h,h,w,w,w,w,w,g,g,g,g,g,g,g,g,g,g,g,g,g,g,g,g,g,g,g,g,g,g,g,g,g,g,f,f,f,f,f,f,f,f,f,g,g,g,g
f,f,f,f,f,f,f,f,f,f,f,f,f,f,f,f,f,f,f,f,f,f,f,f,f,f,f,f,f,f,f,f,f,w,w,w,w,w,w,w,h,h,h,h,h,h,h,h,h,h,h,h,h,h,h,w,w,w,w,w,w,g,g,g,g,g,g,g,g,g,g,g,g,g,g,g,g,g,g,g,g,g,g,g,g,g,g,f,f,f,f,f,f,w,w,w,w,w,w,w
f,f,f,f,f,f,f,f,f,f,f,f,w,w,w,w,w,f,f,f,f,f,f,f,f,f,f,f,f,f,f,f,f,w,w,w,w,w,w,w,w,w,p,p,p,p,p,p,p,p,p,p,p,p,p,w,w,w,w,w,w,g,g,g,g,g,g,g,g,g,g,g,g,g,g,g,g,g,g,g,g,g,g,f,f,f,f,f,f,f,f,f,f,w,w,w,w,w,w,w
f,f,f,f,f,f,f,f,f,f,w,w,w,w,w,w,w,w,f,f,f,f,f,f,f,f,f,f,f,f,f,f,f,f,w,w,w,w,w,w,w,w,p,p,p,p,p,p,p,p,p,p,p,p,p,w,w,w,w,w,g,g,g,g,g,g,g,g,g,g,g,g,g,g,g,g,g,g,g,g,g,g,g,f,f,f,f,f,w,w,w,w,w,w,w,w,w,w,w,w
f,f,f,f,f,f,f,f,f,f,w,w,w,w,w,w,w,w,f,f,f,f,f,f,f,f,f,f,f,f,f,f,f,f,w,w,w,w,w,w,w,w,w,p,p,p,p,p,p,p,p,p,p,p,w,w,w,w,w,w,g,g,g,g,g,g,g,g,g,g,g,g,ml,ml,g,ml,ml,f,f,f,f,f,f,f,f,f,f,f,w,w,w,w,w,w,w,w,w,w,w,w
f,f,f,f,f,f,f,f,f,f,w,w,w,w,w,w,w,w,f,f,f,f,f,f,f,f,f,f,f,f,f,f,f,f,f,b1,b1,b1,b1,b1,b1,b1,b1,p,p,p,p,p,p,p,p,p,w,w,w,w,w,w,w,w,g,g,g,g,g,g,g,g,ml,ml,ml,ml,ml,ml,ml,ml,ml,f,f,f,f,f,f,f,f,f,f,f,w,w,w,w,w,w,w,w,w,w,w,w
f,f,f,f,f,f,f,f,f,f,w,w,w,w,w,w,w,f,f,f,f,f,f,f,f,f,f,f,f,f,f,f,f,f,f,w,w,w,w,w,w,w,w,p,p,p,p,p,p,p,p,w,w,w,w,w,w,w,w,g,g,g,g,g,g,g,g,g,g,ml,ml,ml,ml,ml,ml,ml,ml,f,f,f,f,f,f,w,w,w,w,w,w,w,w,w,w,mt,mt,mt,mt,mt,mt,mt
f,f,f,f,f,f,f,f,f,f,f,f,f,f,w,w,w,w,f,f,f,f,f,f,f,f,f,f,f,f,f,f,f,f,g,w,w,w,w,w,w,w,w,w,w,w,p,p,p,p,p,w,w,w,w,w,w,w,w,g,g,g,g,g,g,g,g,g,g,ml,ml,g,g,ml,ml,ml,ml,f,f,f,f,w,w,w,w,w,w,w,w,w,w,mt,mt,mt,mt,mt,mt,mt,mt,mt
f,f,f,f,f,f,f,f,f,f,f,f,f,f,f,f,f,f,f,f,f,f,f,f,f,f,f,f,f,f,f,f,f,f,g,g,g,w,w,w,w,w,w,w,w,w,p,p,p,p,w,w,w,w,w,w,w,g,g,g,g,g,g,g,g,g,g,g,g,g,g,g,g,g,g,f,f,f,f,f,f,w,w,w,w,w,w,w,w,w,w,mt,mt,mt,mt,mt,mt,mt,mt,mt
f,f,f,f,f,f,f,f,f,f,f,f,f,f,f,f,f,f,f,f,f,f,f,f,f,f,f,f,f,f,f,f,f,g,g,g,g,g,g,w,w,w,w,w,w,w,p,p,p,p,b1,b1,b1,b1,b1,b1,b1,g,g,g,g,g,g,g,g,g,g,g,g,g,g,g,g,g,g,f,f,f,f,f,f,w,w,w,w,w,w,w,w,w,mt,mt,mt,mt,mt,mt,mt,mt,mt,mt
f,f,f,f,f,f,f,f,f,f,f,f,f,f,f,f,f,f,f,f,f,f,f,f,f,f,f,f,f,f,f,f,f,g,g,g,g,g,g,g,w,w,w,w,w,w,w,p,w,w,w,w,w,w,w,w,g,g,g,g,g,g,g,g,g,g,g,g,g,g,g,g,g,g,g,f,f,f,f,f,f,w,w,w,w,w,w,f,f,f,mt,mt,mt,mt,mt,mt,mt,mt,mt,mt
f,f,f,f,f,f,f,f,f,f,f,f,f,f,f,f,f,f,f,f,f,f,f,f,f,f,f,f,f,f,f,f,g,g,g,g,g,g,g,g,g,w,w,w,w,w,w,p,w,w,w,w,w,w,w,w,g,g,g,g,g,g,g,g,g,g,g,g,g,g,g,g,g,g,g,f,f,f,f,f,f,w,w,w,w,w,w,f,f,f,mt,mt,mt,mt,mt,mt,mt,mt,mt,mt
f,f,f,f,f,f,f,f,f,f,f,f,f,f,f,f,f,f,f,f,f,f,f,f,f,f,f,f,f,f,f,g,g,g,g,g,g,g,g,g,g,g,w,w,w,w,w,w,w,w,w,w,w,w,g,g,g,g,g,g,g,g,g,g,g,g,g,g,g,g,g,g,g,g,g,f,f,f,f,f,w,w,w,w,w,w,w,f,f,f,mt,mt,mt,mt,mt,mt,mt,mt,mt,mt
f,f,f,f,f,f,f,f,f,f,f,f,f,f,f,f,f,f,f,f,f,f,f,f,f,f,f,f,f,f,g,g,g,g,g,g,g,g,g,g,g,g,g,w,w,w,w,w,w,w,w,w,w,w,g,g,g,g,g,g,g,g,g,g,g,g,g,g,g,g,g,g,g,g,f,f,f,f,f,f,w,w,w,w,w,w,w,f,f,f,mt,mt,mt,mt,mt,mt,mt,mt,mt,mt
f,f,f,f,f,f,f,f,f,f,f,f,f,f,f,f,f,f,f,f,f,f,f,f,f,f,f,f,f,g,g,g,g,g,g,g,g,g,g,g,g,g,g,g,w,w,w,w,w,w,w,w,g,g,g,g,g,g,g,g,g,g,g,g,g,g,g,g,g,g,g,g,g,g,f,f,f,f,w,w,w,w,w,w,w,w,w,f,f,f,mt,mt,mt,mt,mt,mt,mt,mt,mt,mt
f,f,f,f,f,f,f,f,f,f,f,f,f,f,f,f,f,f,f,f,f,f,f,f,f,f,f,f,g,g,g,g,g,g,g,g,g,g,g,g,g,g,g,g,w,w,w,w,w,w,w,w,g,g,g,g,g,g,g,g,g,g,g,g,g,g,g,g,g,g,g,g,g,g,f,f,f,f,w,w,w,w,w,w,w,f,f,f,f,f,f,mt,mt,mt,mt,mt,mt,mt,mt,mt
f,f,f,f,f,f,f,f,f,f,f,f,f,f,f,f,f,f,f,f,f,f,f,f,f,f,f,g,g,g,g,g,g,g,g,g,g,g,g,g,g,g,g,w,w,w,w,w,w,w,w,w,g,g,g,g,g,g,g,g,g,g,g,g,g,g,g,g,g,g,g,g,g,g,f,f,f,f,w,w,w,w,w,w,w,f,f,f,f,f,f,mt,mt,mt,mt,mt,mt,mt,mt,mt
f,f,f,f,f,f,f,f,f,f,f,f,f,f,f,f,f,f,f,f,f,f,f,f,f,f,g,g,g,g,g,g,g,g,g,g,g,g,g,g,g,g,g,w,w,w,w,w,w,w,w,g,g,g,g,g,g,g,g,g,g,w,w,w,w,g,g,g,g,g,g,g,g,g,f,f,f,f,w,w,w,w,w,w,w,f,f,f,f,f,f,mt,mt,mt,mt,mt,mt,mt,mt,mt
f,f,f,f,f,f,f,f,f,f,f,f,f,f,f,f,f,f,f,f,f,f,f,f,g,g,g,g,g,g,g,g,g,g,g,g,g,g,g,g,g,g,g,w,w,w,w,w,w,w,w,g,g,g,g,g,g,g,g,w,w,w,w,w,w,w,g,g,g,g,g,g,g,g,f,f,f,f,w,w,w,w,w,w,w,f,f,f,f,f,f,mt,mt,mt,mt,mt,mt,mt,mt,mt
f,f,f,f,f,f,f,f,f,f,f,f,f,f,f,f,f,f,f,f,f,f,g,g,g,g,g,g,g,g,g,g,g,g,g,g,g,g,g,g,g,g,w,w,w,w,w,w,w,w,w,g,g,g,g,g,g,g,w,w,w,w,w,w,w,w,g,g,g,g,g,g,g,g,f,f,f,f,w,w,w,w,w,w,f,f,f,f,f,f,f,f,f,mt,mt,mt,mt,mt,mt,mt
f,f,f,f,f,f,f,f,f,f,f,f,f,f,f,f,g,g,g,g,g,g,g,g,g,g,g,g,g,g,g,g,g,g,g,g,g,g,g,g,g,g,w,w,w,w,w,w,w,w,w,g,g,g,g,g,g,g,w,w,w,w,w,w,w,w,w,g,g,g,g,f,f,f,f,f,f,f,w,w,w,w,w,w,f,f,f,f,f,f,f,f,f,mt,mt,mt,mt,mt,mt,mt
f,f,f,f,f,f,f,f,f,f,g,g,g,g,g,g,g,g,g,g,g,g,g,g,g,g,g,g,g,g,g,g,g,g,g,g,g,g,g,g,g,g,w,w,w,w,w,w,w,w,g,g,g,g,g,g,g,g,w,w,w,w,w,w,w,w,w,g,g,g,g,f,f,f,f,f,f,f,w,w,w,w,w,w,f,f,f,f,f,f,f,f,f,mt,mt,mt,mt,mt,mt,mt
w,w,w,w,w,w,w,w,w,w,w,w,w,g,g,g,g,g,g,g,g,g,g,g,g,g,g,g,g,g,g,g,g,g,g,g,g,g,g,g,g,w,w,w,w,w,w,w,w,w,g,g,g,g,g,g,g,g,g,g,w,w,w,w,w,w,w,g,g,g,g,f,f,f,f,f,f,f,w,w,w,w,w,w,f,f,f,f,f,f,f,f,f,f,f,mt,mt,mt,mt,mt
w,w,w,w,w,w,w,w,w,w,w,w,w,w,w,g,g,g,g,g,g,g,g,g,g,g,g,g,g,g,g,g,g,g,g,g,g,g,g,g,g,w,w,w,w,w,w,w,g,g,g,g,g,g,g,g,g,g,g,g,g,g,g,g,g,g,w,g,g,g,g,f,f,f,f,f,f,f,w,w,w,w,w,f,f,f,f,f,f,f,f,f,f,f,f,mt,mt,mt,mt,mt
w,w,w,w,w,w,w,w,w,w,w,w,w,w,w,w,w,g,g,g,g,g,g,g,g,g,g,g,g,g,g,g,g,g,g,g,g,g,g,g,g,w,w,w,w,w,w,w,g,g,g,g,g,g,g,g,g,g,g,g,g,g,g,g,g,g,g,g,g,g,g,f,f,f,f,f,f,f,w,w,w,w,w,f,f,f,f,f,f,f,f,f,f,f,f,mt,mt,mt,mt,mt
w,w,w,w,w,w,w,w,w,w,w,w,w,w,w,w,w,w,w,g,g,g,g,g,g,g,g,g,g,g,g,g,g,g,g,g,g,g,g,g,w,w,w,w,w,w,w,w,g,g,g,g,g,g,g,g,g,g,g,g,g,g,g,g,g,g,g,g,g,g,g,g,f,f,f,f,f,f,w,w,w,w,w,f,f,f,f,f,f,f,f,f,f,f,f,f,mt,mt,mt,mt
w,w,w,w,w,w,w,w,w,w,w,w,w,w,w,w,w,w,w,w,w,g,g,g,g,g,g,g,g,g,g,g,g,g,g,g,g,g,g,g,w,w,w,w,w,w,w,w,g,g,g,g,g,g,g,g,g,g,g,g,g,g,g,g,g,g,g,g,g,g,g,g,f,f,f,f,f,f,w,w,w,w,f,f,f,f,f,f,f,f,f,f,f,f,f,f,mt,mt,mt,mt
w,w,w,w,w,w,w,w,w,w,w,w,w,w,w,w,w,w,w,w,w,w,w,g,g,g,g,g,g,g,g,g,g,g,g,g,g,g,g,w,w,w,w,w,w,w,w,w,g,g,g,g,g,g,g,g,g,g,g,g,g,g,g,g,g,g,g,g,g,g,g,g,g,g,g,f,f,f,w,w,w,w,f,f,f,f,f,f,f,f,f,f,f,f,f,f,f,f,mt,mt
w,w,w,w,w,w,w,w,w,w,w,w,w,w,w,w,w,w,w,w,w,w,w,w,w,g,g,g,g,g,g,g,g,g,g,g,g,g,g,w,w,w,w,w,w,w,w,w,g,g,g,g,g,g,g,g,g,g,g,g,g,g,g,g,g,g,g,g,g,g,g,g,g,g,g,g,f,f,w,w,w,w,f,f,f,f,f,f,f,f,f,f,f,f,f,f,f,f,mt,mt
p,p,p,p,p,p,p,p,p,p,p,p,p,w,w,w,w,w,w,w,w,w,w,w,w,g,g,g,g,g,g,g,g,g,g,g,g,g,g,w,w,w,w,w,w,w,w,g,g,g,g,g,g,g,g,g,g,g,g,g,g,g,g,g,g,g,g,g,g,g,g,g,g,g,g,g,f,f,w,w,w,w,f,f,f,f,f,f,f,f,f,f,f,f,f,f,f,f,f,mt
p,p,p,p,p,p,p,p,p,p,p,p,p,w,w,w,w,w,w,w,w,w,w,w,w,w,w,g,g,g,g,g,g,g,g,g,g,g,w,w,w,w,w,w,w,w,w,p,p,p,g,g,g,p,p,p,p,g,g,g,g,g,g,g,g,g,g,g,g,g,g,g,g,g,g,g,g,g,w,w,w,w,f,f,f,f,f,f,f,f,f,f,f,f,f,f,f,f,f,mt
p,p,p,p,p,p,p,p,p,p,p,p,p,p,w,w,w,w,w,w,w,w,w,w,w,w,w,w,w,g,g,g,g,g,g,g,g,g,w,w,w,w,w,w,w,w,w,p,p,p,p,p,p,p,p,p,p,g,g,g,g,g,g,g,g,g,g,g,g,g,g,g,g,g,g,g,g,g,b1,b1,b1,f,f,f,f,f,f,f,f,f,f,f,f,f,f,f,f,f,f,f
p,p,p,p,p,p,p,p,p,p,p,p,p,p,p,w,w,w,w,w,w,w,w,w,w,w,w,w,w,w,w,g,g,g,g,g,g,g,w,w,w,w,w,w,w,w,p,p,p,p,p,p,p,p,p,p,p,p,p,p,g,g,g,g,g,g,g,g,g,g,g,g,g,g,p,w,g,g,w,w,w,f,f,f,f,f,f,f,f,f,f,f,f,f,f,f,f,f,f,f
p,p,p,p,p,p,p,p,p,p,p,p,p,p,p,p,p,w,w,w,w,w,w,w,w,w,w,w,w,w,w,w,g,g,g,g,w,w,w,w,w,w,w,w,w,w,p,p,p,p,p,p,p,p,p,p,p,p,p,p,p,p,p,p,p,p,p,p,p,p,p,p,p,p,p,w,w,w,w,w,w,f,f,f,f,f,f,f,f,f,f,f,f,f,f,f,f,f,f,f
p,p,p,p,p,p,p,p,p,p,p,p,p,p,p,p,p,p,p,w,w,w,w,w,w,w,w,w,w,w,w,w,w,g,g,g,w,w,w,w,w,w,w,w,w,w,p,p,p,p,p,p,p,p,p,p,p,p,p,p,p,p,p,p,p,p,p,p,p,p,p,p,p,p,p,w,w,w,w,w,w,f,f,f,f,f,f,f,f,f,f,f,f,f,f,f,f,f,f,f
p,p,p,p,p,p,p,p,p,p,p,p,p,p,p,p,p,p,p,p,w,w,w,w,w,w,w,w,w,w,w,w,w,w,g,w,w,w,w,w,w,w,w,w,w,p,p,p,p,p,p,p,p,p,p,p,p,p,p,p,p,p,p,p,p,p,p,p,p,p,p,p,p,p,p,w,w,w,w,w,w,f,f,f,f,f,f,f,f,f,f,f,f,f,f,f,f,f,f,f
p,p,p,p,p,p,p,p,p,p,p,p,p,p,p,p,p,p,p,p,w,w,w,w,w,w,w,w,w,w,w,w,w,w,g,w,w,w,w,w,w,w,w,w,w,p,p,p,p,p,p,p,p,p,p,p,p,p,p,p,p,p,p,p,p,p,p,p,p,p,p,p,p,p,p,w,w,w,w,w,f,f,f,f,f,f,f,f,f,f,f,f,f,f,f,f,f,f,f,f
p,p,p,p,p,p,p,p,p,p,p,p,p,p,p,p,p,p,p,p,w,w,w,w,w,w,w,w,w,w,w,w,w,w,b2,w,w,w,w,w,w,w,w,w,w,p,p,p,p,p,p,p,p,p,p,p,p,p,p,p,p,p,p,p,p,p,p,p,p,p,p,p,p,p,p,w,w,w,w,w,f,f,f,f,f,f,f,f,f,f,f,f,f,f,f,f,f,f,f,f
p,p,p,p,p,p,p,p,p,p,p,p,p,p,p,p,p,p,p,p,p,p,p,w,w,w,w,w,w,w,w,w,w,w,b2,w,w,w,w,w,w,w,w,w,w,p,p,p,p,p,p,p,p,p,p,p,p,p,p,p,p,p,p,p,p,p,p,p,p,p,p,p,p,p,p,w,w,w,w,w,f,f,f,f,f,f,f,f,f,f,f,f,f,f,f,f,f,f,f,f
p,p,p,p,p,p,p,p,p,p,p,p,p,p,p,p,p,p,p,p,p,p,w,w,w,w,w,w,w,w,w,w,w,w,b2,w,w,w,w,w,w,w,w,w,w,w,p,p,p,p,p,p,p,p,p,p,p,p,p,p,p,p,p,p,p,p,p,p,p,p,p,p,p,p,p,w,w,w,w,w,f,f,f,f,f,f,f,f,f,f,f,f,f,f,f,f,f,f,f,f
p,p,p,p,p,p,p,p,p,p,p,p,p,p,p,p,p,p,p,p,p,p,p,p,w,w,w,w,w,w,w,w,w,w,b2,w,w,w,w,w,w,w,w,w,w,w,p,p,p,p,p,p,p,p,p,p,p,p,p,p,p,p,p,p,p,p,p,p,p,p,p,p,p,p,p,w,w,w,w,f,f,f,f,f,f,f,f,f,f,f,f,f,f,f,f,f,f,f,f,f
p,p,p,p,p,p,p,p,p,p,p,p,p,p,p,p,p,p,p,p,p,p,p,p,p,p,p,w,w,w,w,w,w,w,b2,w,w,w,w,w,w,w,w,w,w,w,p,p,p,p,p,p,p,p,p,p,p,p,p,p,p,p,p,p,p,p,p,p,p,p,p,p,p,p,w,w,w,w,w,f,f,f,f,f,f,f,f,f,f,f,f,f,f,f,f,f,f,f,f,f
p,p,p,p,p,p,p,p,p,p,p,p,p,p,p,p,p,p,p,p,p,p,p,p,p,p,p,w,w,w,w,w,w,w,b2,w,w,w,w,w,w,w,w,w,w,w,p,p,p,p,p,p,p,p,p,p,p,p,p,p,p,p,p,p,p,p,p,p,p,p,p,p,p,p,w,w,w,w,w,f,f,f,f,f,f,f,f,f,f,f,f,f,f,f,f,f,f,f,f,f
p,p,p,p,p,p,p,p,p,p,p,p,p,p,p,p,p,p,p,p,p,p,p,p,p,p,p,p,p,p,w,w,w,w,b2,w,w,w,w,w,w,w,w,w,w,w,p,p,p,p,p,p,p,p,p,p,p,p,p,p,p,p,p,p,p,p,p,p,p,p,p,p,p,p,w,w,w,w,w,f,f,f,f,f,f,f,f,f,f,f,f,f,f,f,f,f,f,f,f,f
p,p,p,p,p,p,p,p,p,p,p,p,p,p,p,p,p,p,p,p,p,p,p,p,p,p,p,p,p,p,p,w,w,w,b2,w,w,w,w,w,w,w,w,w,w,w,w,p,p,p,p,p,p,p,p,p,p,p,p,p,p,p,p,p,p,p,p,p,p,p,p,p,p,p,w,w,w,w,w,f,f,f,f,f,f,f,f,f,f,f,f,f,f,f,f,f,f,f,f,f
p,p,p,p,p,p,p,p,p,p,p,p,p,p,p,p,p,p,p,p,p,p,p,p,p,p,p,p,p,p,p,p,p,p,b2,w,w,w,w,w,w,w,w,w,w,w,w,p,p,p,p,p,p,p,p,p,p,p,p,p,p,p,p,p,p,p,p,p,p,p,p,p,p,p,b1,b1,b1,b1,f,f,f,f,f,f,f,f,f,f,f,f,f,f,f,f,f,f,f,f,f,f
p,p,p,p,p,p,p,p,p,p,p,p,p,p,p,p,p,p,p,p,p,p,p,p,p,p,p,p,p,p,p,p,p,p,p,w,w,w,w,w,w,w,w,w,w,w,w,w,w,w,w,w,w,p,p,p,p,p,p,p,p,p,p,p,p,p,p,p,p,p,p,p,p,p,w,w,w,w,f,f,f,f,f,f,f,f,f,f,f,f,f,f,f,f,f,f,f,f,f,f
p,p,p,p,p,p,p,p,p,p,p,p,p,p,p,p,p,p,p,p,p,p,p,p,p,p,p,p,p,p,p,p,p,p,p,p,p,w,w,w,w,w,w,w,w,w,w,w,w,w,w,w,w,p,p,p,p,p,p,p,p,p,p,p,p,p,p,p,p,p,p,w,w,p,w,w,w,w,f,f,f,f,f,f,f,f,f,f,f,f,f,f,f,f,f,f,f,f,f,f
p,p,p,p,p,p,p,p,p,p,p,p,p,p,p,p,p,p,p,p,p,p,p,p,p,p,p,p,p,p,p,p,p,p,p,w,w,w,w,w,w,w,w,w,w,w,w,w,w,w,w,w,w,w,w,p,p,p,p,p,p,p,p,p,p,p,p,p,p,p,p,w,w,w,w,w,w,w,f,f,f,f,f,f,f,f,f,f,f,f,f,f,f,f,f,f,f,f,f,f
p,p,p,p,p,p,p,p,p,p,p,p,p,p,p,p,p,p,p,p,p,p,p,p,p,p,p,p,p,p,p,p,p,p,p,w,w,w,w,w,w,w,w,w,w,w,w,w,w,w,w,w,w,w,w,p,p,p,p,p,p,p,p,p,p,p,p,p,p,p,p,w,w,w,w,w,w,f,f,f,f,f,f,f,f,f,f,f,f,f,f,f,f,f,f,f,f,f,f,f
p,p,p,p,p,p,p,p,p,p,p,p,p,p,p,p,p,p,p,p,p,p,p,p,p,p,p,p,p,p,p,p,p,w,w,w,w,w,w,w,w,w,w,w,w,w,w,w,w,w,w,w,w,w,w,p,p,p,p,p,p,p,p,p,p,p,p,p,p,w,w,w,w,w,w,w,w,f,f,f,f,f,f,f,f,f,f,f,f,f,f,f,f,f,f,f,f,f,f,f
sf,sf,sf,sf,sf,p,p,p,p,p,p,p,p,p,p,p,p,p,p,p,p,p,p,p,p,p,p,p,p,p,p,w,w,w,w,w,w,w,w,w,w,w,w,w,p,p,w,w,w,w,w,w,w,w,w,w,p,p,p,p,p,p,p,p,p,p,p,p,g,w,w,w,w,w,w,w,w,f,f,f,f,f,f,f,f,f,f,f,f,f,f,f,f,f,f,f,f,f,f,f
sf,sf,sf,sf,sf,sf,p,p,p,p,p,p,p,p,p,p,p,p,p,p,p,p,p,p,p,p,p,p,p,p,p,w,w,w,w,w,w,w,w,w,w,w,w,w,p,p,p,w,w,w,w,g,g,w,w,w,w,p,p,p,p,p,p,p,p,p,w,w,w,w,w,w,w,w,w,w,w,f,f,f,f,f,f,f,f,f,f,f,f,f,f,f,f,f,f,f,f,f,f,f
sf,sf,sf,sf,sf,sf,sf,p,p,p,p,p,p,p,p,p,p,p,p,p,p,p,p,p,p,p,p,p,p,p,p,w,w,w,w,w,w,w,w,w,w,w,p,p,p,p,p,p,p,p,p,g,g,w,w,w,w,w,w,w,w,p,p,p,p,p,w,w,w,w,w,w,w,w,w,w,w,f,f,f,f,f,f,f,f,f,f,f,f,f,f,f,f,f,f,f,f,f,f,f
sf,sf,sf,sf,sf,sf,sf,sf,sf,sf,p,p,p,p,p,p,p,p,p,p,p,p,p,p,p,p,p,w,w,w,w,w,w,w,w,w,w,w,w,w,w,w,p,p,p,p,p,p,p,p,p,g,g,w,w,w,w,w,w,w,w,b2,w,w,w,w,w,w,w,w,w,w,w,w,w,w,f,f,f,f,f,f,f,f,f,f,f,f,f,f,f,f,f,f,f,f,f,f,f,f
sf,sf,sf,sf,sf,sf,sf,sf,sf,sf,sf,p,p,p,p,p,p,p,p,p,p,p,p,p,p,p,p,w,w,w,w,w,w,w,w,w,w,w,w,w,w,w,p,p,p,p,p,p,p,p,p,g,g,w,w,w,w,w,w,w,w,b2,w,w,w,w,w,w,w,w,w,w,w,w,w,w,f,f,f,f,f,f,f,f,f,f,f,f,f,f,f,f,f,f,f,f,f,f,f,f
sf,sf,sf,sf,sf,sf,sf,sf,sf,sf,sf,sf,sf,p,p,p,p,p,p,p,p,p,p,p,w,w,w,w,w,w,w,w,w,w,w,w,w,w,w,w,w,w,p,p,p,p,p,p,p,p,p,g,g,w,w,w,w,w,w,w,w,b2,w,w,w,w,w,w,w,w,w,w,w,w,w,w,f,f,f,f,f,f,f,f,f,f,f,f,f,f,f,f,f,f,f,f,f,f,f,f
sf,sf,sf,sf,sf,sf,sf,sf,sf,sf,sf,sf,sf,sf,p,p,p,p,p,p,p,p,p,p,w,w,w,w,w,w,w,w,w,w,w,w,w,w,w,w,w,w,p,p,p,p,p,p,p,p,p,g,g,g,w,w,w,w,w,w,w,b2,w,w,w,w,w,w,w,w,w,w,w,w,w,w,g,g,g,g,g,g,g,g,g,g,g,g,g,g,g,f,f,f,f,f,f,f,f,f
sf,sf,sf,sf,sf,sf,sf,sf,sf,sf,sf,sf,sf,sf,sf,sf,p,p,p,p,p,p,p,p,i,w,w,w,w,w,w,w,w,w,w,w,w,w,w,w,w,w,p,p,p,p,p,p,p,p,p,g,g,g,g,g,g,g,w,w,w,b2,w,w,w,w,w,w,w,w,w,w,w,w,w,w,g,g,g,g,g,g,g,g,g,g,g,g,g,g,g,g,f,f,f,f,f,f,f,f
sf,sf,sf,sf,sf,sf,sf,sf,sf,sf,sf,sf,sf,sf,i,p,p,p,p,i,i,i,i,i,i,w,w,w,w,w,w,w,w,w,w,w,w,w,w,w,p,p,p,p,p,p,p,p,p,p,p,g,g,g,g,g,g,g,w,w,w,b2,w,w,w,w,w,w,w,w,w,w,w,w,w,g,g,g,g,g,g,g,g,g,g,g,g,g,g,g,g,g,f,f,f,f,f,f,f,f
sf,sf,sf,sf,sf,sf,sf,sf,sf,sf,sf,i,i,i,i,i,i,i,i,i,i,i,i,i,i,w,w,w,w,w,w,w,w,w,w,w,w,w,w,w,p,p,p,p,p,p,p,p,p,p,p,g,g,g,g,g,g,g,g,g,g,g,w,w,w,w,w,w,w,w,w,g,g,g,g,g,g,g,g,g,g,g,g,g,g,g,g,g,g,g,g,g,g,g,f,f,f,f,f,f
sf,sf,sf,sf,sf,sf,i,i,i,i,i,i,i,i,i,i,i,i,i,i,i,i,i,i,i,i,w,w,w,w,w,w,w,w,w,w,w,w,w,w,p,p,p,p,p,p,p,p,p,p,p,g,g,g,g,g,g,g,g,g,g,g,g,g,g,g,g,g,g,g,g,g,g,g,g,g,g,g,g,g,g,g,g,g,g,g,g,g,g,g,g,g,g,g,f,f,f,f,f,f
sf,sf,sf,sf,sf,i,i,i,i,i,i,i,i,i,i,i,i,i,i,i,i,i,i,i,i,i,w,w,w,w,w,w,w,w,w,w,w,w,w,w,p,p,p,p,p,p,p,p,p,p,p,g,g,g,g,g,g,g,g,g,g,g,g,g,g,g,g,g,g,g,g,g,g,g,g,g,g,g,g,g,g,g,g,g,g,g,g,g,g,g,g,g,g,g,f,f,f,f,f,f
sf,sf,sf,sf,sf,i,i,i,i,i,i,i,i,i,i,i,i,i,i,i,i,i,i,i,i,i,w,w,w,w,w,w,w,w,w,w,w,w,w,w,p,p,p,p,p,p,p,p,p,p,p,g,g,g,g,g,g,g,g,g,g,g,g,g,g,g,g,g,g,g,g,g,g,g,g,g,g,g,g,g,g,g,g,g,g,g,g,g,g,g,g,g,g,g,g,f,f,f,f,f
i,i,i,i,i,i,i,i,i,i,i,i,i,i,i,i,i,i,i,i,i,i,i,i,i,i,w,w,w,w,w,w,w,w,w,w,w,w,w,w,p,p,p,p,p,p,p,p,p,p,p,g,g,g,g,g,g,g,g,g,g,g,g,g,g,g,g,g,g,g,g,g,g,g,g,g,g,g,g,g,g,g,g,g,g,g,g,g,g,g,g,g,g,g,g,g,f,f,f,f
i,i,i,i,i,i,i,i,i,i,i,i,i,i,i,i,i,i,i,i,i,i,i,i,i,i,p,p,p,p,p,p,p,p,p,p,w,w,w,w,p,p,p,p,p,p,p,p,p,p,f,f,f,g,g,g,g,g,g,g,g,g,g,g,g,g,g,g,g,g,g,g,g,g,g,g,g,g,g,g,g,g,g,g,g,g,g,g,g,g,g,g,g,g,g,g,f,f,f,f
sf,sf,sf,sf,i,i,i,i,i,i,i,i,i,i,i,i,i,i,i,i,i,i,i,i,i,i,p,p,p,p,p,p,p,p,p,p,b1,b1,b1,b1,p,p,p,p,p,p,p,p,p,p,f,f,f,f,f,g,g,g,g,g,g,g,g,g,g,g,g,g,g,g,g,g,g,g,g,g,g,g,g,g,g,g,g,g,g,g,g,g,g,g,g,g,g,g,g,g,g,f,f,f
sf,sf,sf,sf,sf,sf,sf,i,i,i,i,i,i,i,i,i,i,i,i,i,i,sf,sf,sf,sf,p,p,p,p,p,p,p,p,p,p,p,w,w,w,w,p,p,p,p,p,p,p,p,p,p,f,f,f,f,f,g,g,g,g,g,g,g,g,g,g,g,g,g,g,g,g,g,g,g,g,g,g,g,g,g,g,g,g,g,g,g,g,g,g,g,g,g,g,g,g,g,g,g,f,f
sf,sf,sf,sf,sf,sf,sf,sf,sf,i,i,i,i,i,i,i,i,i,sf,sf,sf,sf,sf,sf,sf,p,p,p,p,p,p,p,p,p,p,w,w,w,w,w,p,p,p,p,p,p,p,p,p,p,f,f,f,f,f,f,f,f,f,g,g,g,g,g,g,g,g,g,g,g,g,g,g,g,g,g,g,g,g,g,g,g,g,g,g,g,g,g,g,g,g,g,g,g,g,g,g,g,f,f
sf,sf,sf,sf,sf,sf,sf,sf,sf,sf,sf,i,i,i,i,i,sf,sf,sf,sf,sf,sf,sf,sf,sf,p,p,p,p,p,p,p,p,p,p,w,w,w,w,w,p,p,p,p,p,p,p,p,p,p,f,f,f,f,f,f,f,f,f,f,f,f,g,g,g,g,g,g,g,g,g,g,g,g,g,g,g,g,g,g,g,g,g,g,g,g,g,g,g,g,g,g,g,g,g,g,g,g,g,g
sf,sf,sf,sf,sf,sf,sf,sf,sf,sf,sf,sf,sf,sf,sf,sf,sf,sf,sf,sf,sf,sf,sf,sf,sf,p,p,p,p,p,p,p,p,p,w,w,w,w,w,w,p,p,p,p,p,p,p,p,p,p,f,f,f,f,f,f,f,f,f,f,f,f,f,f,f,f,f,f,f,g,g,g,g,g,g,g,g,g,g,g,g,g,g,g,g,g,g,g,g,g,g,g,g,g,g,g,g,g,g,g
sf,sf,sf,sf,sf,sf,sf,sf,sf,sf,sf,sf,sf,sf,sf,sf,sf,sf,sf,sf,sf,sf,sf,sf,sf,p,p,p,p,p,p,p,p,p,w,w,w,w,w,w,p,p,p,p,p,p,p,p,p,p,f,f,f,f,f,f,f,f,f,f,f,f,f,f,f,f,f,f,f,f,f,f,f,f,g,g,g,g,g,g,g,g,g,g,g,g,g,g,g,g,g,g,g,g,g,g,g,g,g,g
sf,sf,sf,sf,sf,sf,sf,sf,sf,sf,sf,sf,sf,sf,sf,sf,sf,sf,sf,sf,sf,sf,sf,sf,sf,p,p,p,p,p,p,p,p,p,w,w,w,w,w,p,p,p,p,p,p,p,p,p,p,p,f,f,f,f,f,f,f,f,f,f,f,f,f,f,f,f,f,f,f,f,f,f,f,f,f,f,f,g,g,g,g,g,g,g,g,g,g,g,g,g,g,g,g,g,g,g,g,g,g,g
sf,sf,sf,sf,sf,sf,sf,sf,sf,sf,sf,sf,sf,sf,sf,sf,sf,sf,sf,sf,sf,sf,sf,sf,sf,p,p,p,p,p,p,p,p,p,w,w,w,w,w,p,p,p,p,p,p,p,p,p,p,p,f,f,f,f,f,f,f,f,f,f,f,f,f,f,f,f,f,f,f,f,f,f,f,f,f,f,f,f,f,f,f,g,g,g,g,g,g,g,g,g,g,g,g,g,g,g,g,g,g,g
sb,sb,sb,sf,sf,sf,sf,sf,sf,sf,sf,sf,sf,sf,sf,sf,sf,sf,sf,sf,sf,sf,sf,sf,sf,p,p,p,p,p,p,p,w,w,w,w,w,w,w,p,p,p,p,p,p,p,p,p,p,p,f,f,f,f,f,f,f,f,f,f,f,f,f,f,f,f,f,f,f,f,f,f,f,f,f,f,f,f,f,f,f,f,f,f,g,g,g,g,g,g,g,g,g,g,g,g,g,g,g,g
sb,sb,sb,sf,sf,sf,sf,sf,sf,sf,sf,sf,sf,sf,sf,sf,sf,sf,sf,sf,sf,sf,sf,sf,sf,p,p,p,p,p,p,p,w,w,w,w,w,w,w,p,p,p,p,p,p,p,p,p,p,p,f,f,f,f,f,f,f,f,f,f,f,f,f,f,f,f,f,f,f,f,f,f,f,f,f,f,f,f,f,f,f,f,f,f,f,g,g,g,g,g,g,g,g,g,g,g,g,g,g,g
sb,sb,sb,sb,sf,sf,sf,sf,sf,sf,sf,sf,sf,sf,sf,sf,sf,sf,sf,sf,sf,sf,sf,sf,sf,p,p,p,p,p,p,p,w,w,w,w,w,w,w,p,p,p,p,p,p,p,p,p,p,p,f,f,f,f,f,f,f,f,f,f,f,f,f,f,f,f,f,f,f,f,f,f,f,f,f,f,f,f,f,f,f,f,f,f,f,g,g,g,g,g,g,g,g,g,g,g,g,g,g,g
sb,sb,sb,sb,sb,sf,sf,sf,sf,sf,sf,sf,sf,sf,sf,sf,sf,sf,sf,sf,sf,sf,sf,sf,sf,p,p,p,p,p,p,p,w,w,w,w,w,w,w,p,p,p,p,p,p,p,p,p,p,p,f,f,f,f,f,f,f,f,f,f,f,f,f,f,f,f,f,f,f,f,f,f,f,f,f,f,f,f,f,f,f,f,f,f,f,f,f,g,g,g,g,g,g,g,g,g,g,g,g,g
sb,sb,sb,sb,sb,sb,sf,sf,sf,sf,sf,sf,sf,sf,sf,sf,sf,sf,sf,sf,sf,sf,sf,sf,sf,p,p,p,p,p,p,w,w,w,w,w,w,w,p,p,p,p,p,p,p,p,p,p,p,p,f,f,f,f,f,f,f,f,f,f,f,f,f,f,f,f,f,f,f,f,f,f,f,f,f,f,f,f,f,f,f,f,f,f,f,f,f,g,g,g,g,g,g,g,g,g,g,g,g,g
sb,sb,sb,sb,sb,sb,sb,sb,sf,sf,sf,sf,sf,sf,sf,sf,sf,sf,sf,sf,sf,sf,sf,sf,p,p,p,p,p,p,p,w,w,w,w,w,w,w,p,p,p,p,p,p,p,p,p,p,p,p,f,f,f,f,f,f,f,f,f,f,f,f,f,f,f,f,f,f,f,f,f,f,f,f,f,f,f,f,f,f,f,f,f,f,f,f,f,f,g,g,g,g,g,g,g,g,g,g,g,g
sb,sb,sb,sb,sb,sb,sb,sb,sf,sf,sf,sf,sf,sf,sf,sf,sf,sf,sf,sf,sf,sf,sf,sf,p,p,p,p,p,p,p,w,w,w,w,w,w,w,p,p,p,p,p,p,p,p,p,p,p,p,f,f,f,f,f,f,f,f,f,f,f,f,f,f,f,f,f,f,f,f,f,f,f,f,f,f,f,f,f,f,f,f,f,f,f,f,f,f,g,g,g,g,g,g,g,g,g,g,g,g
sb,sb,sb,sb,sb,sb,sb,sb,sf,sf,sf,sf,sf,sf,sf,sf,sf,sf,sf,sf,sf,sf,sf,sf,p,p,p,p,p,p,p,w,w,w,w,w,w,w,p,p,p,p,p,p,p,p,p,p,p,p,f,f,f,f,f,f,f,f,f,f,f,f,f,f,f,f,f,f,f,f,f,f,f,f,f,f,f,f,f,f,f,f,f,f,f,f,f,f,g,g,g,g,g,g,g,g,g,g,g,g
sb,sb,sb,sb,sb,sb,sb,sb,sb,sf,sf,sf,sf,sf,sf,sf,sf,sf,sf,sf,sf,sf,sf,sf,p,p,p,p,p,p,p,w,w,w,w,w,w,w,p,p,p,p,p,p,p,p,p,p,p,h,h,h,f,f,f,f,f,f,f,f,f,f,f,f,f,f,f,f,f,f,f,mt,mt,mt,mt,mt,mt,mt,mt,mt,mt,mt,mt,mt,f,f,f,f,f,f,g,g,g,g,g,g,g,g,g,g
sb,sb,sb,sb,sb,sb,sb,sb,sb,sb,sf,sf,sf,sf,sf,sf,sf,sf,sf,sf,sf,sf,sf,sf,p,p,p,p,p,p,p,w,w,w,w,w,w,w,p,p,p,p,p,p,p,p,p,p,p,h,h,h,h,h,f,f,f,f,f,f,f,f,f,f,f,mt,mt,mt,mt,mt,mt,mt,mt,mt,mt,mt,mt,mt,mt,mt,mt,mt,mt,mt,f,f,f,f,f,f,g,g,g,g,g,g,g,g,g,g
sb,sb,sb,sb,sb,sb,sb,sb,sb,sb,sf,sf,sf,sf,sf,sf,sf,sf,sf,sf,sf,sf,sf,sf,p,p,p,p,p,p,p,w,w,w,w,w,w,w,p,p,p,p,p,p,p,p,p,p,h,h,h,h,h,h,h,f,f,f,f,f,f,f,f,f,f,mt,mt,mt,mt,mt,mt,mt,mt,mt,mt,mt,mt,mt,mt,mt,mt,mt,mt,mt,mt,mt,mt,mt,f,f,f,f,g,g,g,g,g,g,g,g
sb,sb,sb,sb,sb,sb,sb,sb,sb,sb,sb,sf,sf,sf,sf,sf,sf,sf,sf,sf,sf,sf,sf,sf,sf,p,p,p,p,p,p,w,w,w,w,w,w,w,p,p,p,p,p,p,p,p,p,p,h,h,h,h,h,h,h,h,h,f,f,f,f,f,mt,mt,mt,mt,mt,mt,mt,mt,mt,mt,mt,mt,mt,mt,mt,mt,mt,mt,mt,mt,mt,mt,mt,mt,mt,mt,f,f,f,f,f,g,g,g,g,g,g,g
sb,sb,sb,sb,sb,sb,sb,sb,sb,sb,sb,sf,sf,sf,sf,sf,sf,sf,sf,sf,sf,sf,sf,sf,sf,p,p,p,p,p,w,w,w,w,w,w,w,w,p,p,p,p,p,p,p,p,p,p,h,h,h,h,h,h,h,h,h,h,h,h,mt,mt,mt,mt,mt,mt,mt,mt,mt,mt,mt,mt,mt,mt,mt,mt,mt,mt,mt,mt,mt,mt,mt,mt,mt,mt,mt,mt,f,f,f,f,f,g,g,g,g,g,g,g
sb,sb,sb,sb,sb,sb,sb,sb,sb,sb,sb,sf,sf,sf,sf,sf,sf,sf,sf,sf,sf,sf,sf,sf,sf,p,p,p,p,p,w,w,w,w,w,w,w,w,p,p,p,p,p,p,p,p,p,p,h,h,h,h,h,h,h,h,h,h,h,h,mt,mt,mt,mt,mt,mt,mt,mt,mt,mt,mt,mt,mt,mt,mt,mt,mt,mt,mt,mt,mt,mt,mt,mt,mt,mt,mt,mt,mt,mt,f,f,f,f,g,g,g,g,g,g
sb,sb,sb,sb,sb,sb,sb,sb,sb,sb,sb,sf,sf,sf,sf,sf,sf,sf,sf,sf,sf,sf,sf,sf,sf,p,p,p,p,p,w,w,w,w,w,w,w,w,p,p,p,p,p,p,p,p,p,p,h,h,h,h,h,h,h,h,h,h,h,h,h,mt,mt,mt,mt,mt,mt,mt,mt,mt,mt,mt,mt,mt,mt,mt,mt,mt,mt,mt,mt,mt,mt,mt,mt,mt,mt,mt,mt,mt,f,f,f,f,g,g,g,g,g,g
sb,sb,sb,sb,sb,sb,sb,sb,sb,sb,sb,sf,sf,sf,sf,sf,sf,sf,sf,sf,sf,sf,sf,sf,sf,p,p,p,p,p,w,w,w,w,w,w,w,w,p,p,p,p,p,p,p,p,p,p,p,h,h,h,h,h,h,h,h,h,h,h,h,mt,mt,mt,mt,mt,mt,mt,mt,mt,mt,mt,mt,mt,mt,mt,mt,mt,mt,mt,mt,mt,mt,mt,mt,mt,mt,mt,mt,mt,f,f,f,f,g,g,g,g,g,g
sb,sb,sb,sb,sb,sb,sb,sb,sb,sb,sb,sf,sf,sf,sf,sf,sf,sf,sf,sf,sf,sf,sf,sf,sf,p,p,p,p,p,w,w,w,w,w,w,w,w,p,p,p,p,p,p,p,p,p,p,p,h,h,h,h,h,h,h,h,h,h,h,h,mt,mt,mt,mt,mt,mt,mt,mt,mt,mt,mt,mt,mt,mt,mt,mt,mt,mt,mt,mt,mt,mt,mt,mt,mt,mt,mt,mt,mt,f,f,f,f,g,g,g,g,g,g